iter	Logloss
0	0.6455683755
1	0.632879384
